id,error_message
888202515573088257,"{'error_message': '{\'error_message\': \'{\\\'error_message\\\': ""[{\\\'code\\\': 144, \\\'message\\\': \\\'No status found with that ID.\\\'}]""}\'}'}"
873697596434513921,"{'error_message': '{\'error_message\': \'{\\\'error_message\\\': ""[{\\\'code\\\': 144, \\\'message\\\': \\\'No status found with that ID.\\\'}]""}\'}'}"
872668790621863937,"{'error_message': '{\'error_message\': \'{\\\'error_message\\\': ""[{\\\'code\\\': 144, \\\'message\\\': \\\'No status found with that ID.\\\'}]""}\'}'}"
872261713294495745,"{'error_message': '{\'error_message\': \'{\\\'error_message\\\': ""[{\\\'code\\\': 144, \\\'message\\\': \\\'No status found with that ID.\\\'}]""}\'}'}"
869988702071779329,"{'error_message': '{\'error_message\': \'{\\\'error_message\\\': ""[{\\\'code\\\': 144, \\\'message\\\': \\\'No status found with that ID.\\\'}]""}\'}'}"
866816280283807744,"{'error_message': '{\'error_message\': \'{\\\'error_message\\\': ""[{\\\'code\\\': 144, \\\'message\\\': \\\'No status found with that ID.\\\'}]""}\'}'}"
861769973181624320,"{'error_message': '{\'error_message\': \'{\\\'error_message\\\': ""[{\\\'code\\\': 144, \\\'message\\\': \\\'No status found with that ID.\\\'}]""}\'}'}"
856602993587888130,"{'error_message': '{\'error_message\': \'{\\\'error_message\\\': ""[{\\\'code\\\': 144, \\\'message\\\': \\\'No status found with that ID.\\\'}]""}\'}'}"
851953902622658560,"{'error_message': '{\'error_message\': \'{\\\'error_message\\\': ""[{\\\'code\\\': 144, \\\'message\\\': \\\'No status found with that ID.\\\'}]""}\'}'}"
845459076796616705,"{'error_message': '{\'error_message\': \'{\\\'error_message\\\': ""[{\\\'code\\\': 144, \\\'message\\\': \\\'No status found with that ID.\\\'}]""}\'}'}"
844704788403113984,"{'error_message': '{\'error_message\': \'{\\\'error_message\\\': ""[{\\\'code\\\': 144, \\\'message\\\': \\\'No status found with that ID.\\\'}]""}\'}'}"
842892208864923648,"{'error_message': '{\'error_message\': \'{\\\'error_message\\\': ""[{\\\'code\\\': 144, \\\'message\\\': \\\'No status found with that ID.\\\'}]""}\'}'}"
837366284874571778,"{'error_message': '{\'error_message\': \'{\\\'error_message\\\': ""[{\\\'code\\\': 144, \\\'message\\\': \\\'No status found with that ID.\\\'}]""}\'}'}"
837012587749474308,"{'error_message': '{\'error_message\': \'{\\\'error_message\\\': ""[{\\\'code\\\': 144, \\\'message\\\': \\\'No status found with that ID.\\\'}]""}\'}'}"
829374341691346946,"{'error_message': '{\'error_message\': \'{\\\'error_message\\\': ""[{\\\'code\\\': 144, \\\'message\\\': \\\'No status found with that ID.\\\'}]""}\'}'}"
827228250799742977,"{'error_message': '{\'error_message\': \'{\\\'error_message\\\': ""[{\\\'code\\\': 144, \\\'message\\\': \\\'No status found with that ID.\\\'}]""}\'}'}"
812747805718642688,"{'error_message': '{\'error_message\': \'{\\\'error_message\\\': ""[{\\\'code\\\': 144, \\\'message\\\': \\\'No status found with that ID.\\\'}]""}\'}'}"
802247111496568832,"{'error_message': '{\'error_message\': \'{\\\'error_message\\\': ""[{\\\'code\\\': 144, \\\'message\\\': \\\'No status found with that ID.\\\'}]""}\'}'}"
779123168116150273,"{'error_message': '{\'error_message\': \'{\\\'error_message\\\': ""[{\\\'code\\\': 144, \\\'message\\\': \\\'No status found with that ID.\\\'}]""}\'}'}"
775096608509886464,"{'error_message': '{\'error_message\': \'{\\\'error_message\\\': ""[{\\\'code\\\': 144, \\\'message\\\': \\\'No status found with that ID.\\\'}]""}\'}'}"
771004394259247104,"{'error_message': '{\'error_message\': \'{\\\'error_message\\\': ""[{\\\'code\\\': 179, \\\'message\\\': \\\'Sorry, you are not authorized to see this status.\\\'}]""}\'}'}"
770743923962707968,"{'error_message': '{\'error_message\': \'{\\\'error_message\\\': ""[{\\\'code\\\': 144, \\\'message\\\': \\\'No status found with that ID.\\\'}]""}\'}'}"
759566828574212096,"{'error_message': '{\'error_message\': \'{\\\'error_message\\\': ""[{\\\'code\\\': 144, \\\'message\\\': \\\'No status found with that ID.\\\'}]""}\'}'}"
754011816964026368,"{'error_message': '{\'error_message\': \'{\\\'error_message\\\': ""[{\\\'code\\\': 144, \\\'message\\\': \\\'No status found with that ID.\\\'}]""}\'}'}"
680055455951884288,"{'error_message': '{\'error_message\': \'{\\\'error_message\\\': ""[{\\\'code\\\': 144, \\\'message\\\': \\\'No status found with that ID.\\\'}]""}\'}'}"
